"Status","Username","Password","Object","Message"
"TRUE","admin","","password_is_Empty_Text","Password is Empty"
"TRUE","","admin","user_Name_is_Empty_Text","User Name is Empty"
"TRUE","emerson","branson","uIController_Invalid_Username_or_Password_Text","Invalid Username or Password"
"TRUE","branson","identity","uIController_Invalid_Username_or_Password_Text","Invalid Username or Password"
"TRUE","","","user_Name_is_Empty_Text","User Name is Empty"
"TRUE","ADMIN","Emerson@1","uIController_Production_Text","Production"
"FALSE","ADMIN","sdd","uIController_Invalid_Username_or_Password_Text","Invalid Username or Password"
"FALSE","ADMIN","SDJKL","user_will_lockout_on_the_next_failed_login_attempt_Text","User will lockout on the next failed login attempt"
"FALSE","ADMIN","KHDSH","user_Locked_Text","User Locked"
"FALSE","Executive","Emerson@1","uIController_Production_Text","Production"
